{
  "N": 10,
  "x": [1, 2, 3, 4, 5, 6, 7, 8, 9, 10],
  "y": [12.0303699687017, 13.8678609929583, 16.0079455681925, 18.2941918044613, 20.2667917369009, 22.386642182675, 23.9575108388697, 25.7199287454578, 28.0996124489362, 30.4685914217519]
}
