{
  "cmt": [1, 2, 2, 2, 2, 2, 2, 2, 2, 2, 2, 2, 2, 2, 2, 2, 2, 2, 2, 2, 2, 2, 2, 2, 2, 2, 2, 2, 2, 2, 2, 2, 2, 2, 2, 2, 2, 2, 2, 2, 2, 2, 2, 2, 2, 2, 2, 2, 2, 2, 2, 2],
  "addl": [14, 0, 0, 0, 0, 0, 0, 0, 0, 0, 0, 0, 0, 0, 0, 0, 0, 0, 0, 0, 0, 0, 0, 0, 0, 0, 0, 0, 0, 0, 0, 0, 0, 0, 0, 0, 0, 0, 0, 0, 0, 0, 0, 0, 0, 0, 0, 0, 0, 0, 0, 0],
  "rate": [0, 0, 0, 0, 0, 0, 0, 0, 0, 0, 0, 0, 0, 0, 0, 0, 0, 0, 0, 0, 0, 0, 0, 0, 0, 0, 0, 0, 0, 0, 0, 0, 0, 0, 0, 0, 0, 0, 0, 0, 0, 0, 0, 0, 0, 0, 0, 0, 0, 0, 0, 0],
  "cObs": [3.7893308498387, 5.80368722506842, 12.7938589341927, 15.5174417602281, 9.98480294799583, 18.6495523519788, 13.211506052412, 13.9062870690086, 8.16417855858566, 4.80516607721782, 4.59260666541784, 2.23436457100442, 6.80507929684876, 11.3683250241643, 9.54573892406504, 13.2680042043341, 14.3416092190298, 17.5475532218334, 17.8060792105318, 12.4212654996293, 10.5891100617155, 9.51982216296116, 5.26321197348168, 6.4850360778275, 3.70658038325266, 3.98559709604016, 4.78968581550942, 4.76563086592257, 7.08393513072736, 4.84390144172755, 7.82513090385869, 7.61564145804132, 6.34353494409934, 5.57897275569251, 5.79152593044634, 5.89045598546747, 15.594814813094, 16.8378504950379, 13.9046385973486, 14.8597552308533, 31.9569349221533, 22.1709639020058, 20.8159588527518, 20.1806087954416, 7.60960369168475, 11.4774711725107, 9.31187475657933, 5.79169252219376, 6.39672555237147, 4.23077787743939, 2.78467028847174],
  "ss": [0, 0, 0, 0, 0, 0, 0, 0, 0, 0, 0, 0, 0, 0, 0, 0, 0, 0, 0, 0, 0, 0, 0, 0, 0, 0, 0, 0, 0, 0, 0, 0, 0, 0, 0, 0, 0, 0, 0, 0, 0, 0, 0, 0, 0, 0, 0, 0, 0, 0, 0, 0],
  "evid": [1, 0, 0, 0, 0, 0, 0, 0, 0, 0, 0, 0, 0, 0, 0, 0, 0, 0, 0, 0, 0, 0, 0, 0, 0, 0, 0, 0, 0, 0, 0, 0, 0, 0, 0, 0, 0, 0, 0, 0, 0, 0, 0, 0, 0, 0, 0, 0, 0, 0, 0, 0],
  "amt": [1250, 0, 0, 0, 0, 0, 0, 0, 0, 0, 0, 0, 0, 0, 0, 0, 0, 0, 0, 0, 0, 0, 0, 0, 0, 0, 0, 0, 0, 0, 0, 0, 0, 0, 0, 0, 0, 0, 0, 0, 0, 0, 0, 0, 0, 0, 0, 0, 0, 0, 0, 0],
  "nEvent": 52,
  "time": [0, 0.083, 0.167, 0.25, 0.5, 0.75, 1, 1.5, 2, 3, 4, 6, 8, 12.083, 12.167, 12.25, 12.5, 12.75, 13, 13.5, 14, 15, 16, 18, 20, 24, 36, 48, 60, 72, 84, 96, 108, 120, 132, 144, 156, 168.083, 168.167, 168.25, 168.5, 168.75, 169, 169.5, 170, 171, 172, 174, 176, 180, 186, 192],
  "ii": [12, 0, 0, 0, 0, 0, 0, 0, 0, 0, 0, 0, 0, 0, 0, 0, 0, 0, 0, 0, 0, 0, 0, 0, 0, 0, 0, 0, 0, 0, 0, 0, 0, 0, 0, 0, 0, 0, 0, 0, 0, 0, 0, 0, 0, 0, 0, 0, 0, 0, 0, 0],
  "iObs": [2, 3, 4, 5, 6, 7, 8, 9, 10, 11, 12, 13, 14, 15, 16, 17, 18, 19, 20, 21, 22, 23, 24, 25, 26, 27, 28, 29, 30, 31, 32, 33, 34, 35, 36, 37, 38, 39, 40, 41, 42, 43, 44, 45, 46, 47, 48, 49, 50, 51, 52],
  "nObs": 51
}
