{
  "addl": [3, 0, 0, 0, 0, 0, 0, 0, 0, 0, 0, 0, 0, 0, 0, 0, 0, 0, 0, 0, 3, 0, 0, 0, 0, 0, 0, 0, 0, 0, 0, 0, 0, 0, 0, 0, 0, 0, 0, 0, 3, 0, 0, 0, 0, 0, 0, 0, 0, 0, 0, 0, 0, 0, 0, 0, 0, 0, 0, 0, 3, 0, 0, 0, 0, 0, 0, 0, 0, 0, 0, 0, 0, 0, 0, 0, 0, 0, 0, 0, 3, 0, 0, 0, 0, 0, 0, 0, 0, 0, 0, 0, 0, 0, 0, 0, 0, 0, 0, 0],
  "amt": [1200, 0, 0, 0, 0, 0, 0, 0, 0, 0, 0, 0, 0, 0, 0, 0, 0, 0, 0, 0, 1200, 0, 0, 0, 0, 0, 0, 0, 0, 0, 0, 0, 0, 0, 0, 0, 0, 0, 0, 0, 1200, 0, 0, 0, 0, 0, 0, 0, 0, 0, 0, 0, 0, 0, 0, 0, 0, 0, 0, 0, 1200, 0, 0, 0, 0, 0, 0, 0, 0, 0, 0, 0, 0, 0, 0, 0, 0, 0, 0, 0, 1200, 0, 0, 0, 0, 0, 0, 0, 0, 0, 0, 0, 0, 0, 0, 0, 0, 0, 0, 0],
  "cmt": [1, 2, 2, 2, 2, 2, 2, 2, 2, 2, 2, 2, 2, 2, 2, 2, 2, 2, 2, 2, 1, 2, 2, 2, 2, 2, 2, 2, 2, 2, 2, 2, 2, 2, 2, 2, 2, 2, 2, 2, 1, 2, 2, 2, 2, 2, 2, 2, 2, 2, 2, 2, 2, 2, 2, 2, 2, 2, 2, 2, 1, 2, 2, 2, 2, 2, 2, 2, 2, 2, 2, 2, 2, 2, 2, 2, 2, 2, 2, 2, 1, 2, 2, 2, 2, 2, 2, 2, 2, 2, 2, 2, 2, 2, 2, 2, 2, 2, 2, 2],
  "evid": [1, 0, 0, 0, 0, 0, 0, 0, 0, 0, 0, 0, 0, 0, 0, 0, 0, 0, 0, 0, 1, 0, 0, 0, 0, 0, 0, 0, 0, 0, 0, 0, 0, 0, 0, 0, 0, 0, 0, 0, 1, 0, 0, 0, 0, 0, 0, 0, 0, 0, 0, 0, 0, 0, 0, 0, 0, 0, 0, 0, 1, 0, 0, 0, 0, 0, 0, 0, 0, 0, 0, 0, 0, 0, 0, 0, 0, 0, 0, 0, 1, 0, 0, 0, 0, 0, 0, 0, 0, 0, 0, 0, 0, 0, 0, 0, 0, 0, 0, 0],
  "rate": [0, 0, 0, 0, 0, 0, 0, 0, 0, 0, 0, 0, 0, 0, 0, 0, 0, 0, 0, 0, 0, 0, 0, 0, 0, 0, 0, 0, 0, 0, 0, 0, 0, 0, 0, 0, 0, 0, 0, 0, 0, 0, 0, 0, 0, 0, 0, 0, 0, 0, 0, 0, 0, 0, 0, 0, 0, 0, 0, 0, 0, 0, 0, 0, 0, 0, 0, 0, 0, 0, 0, 0, 0, 0, 0, 0, 0, 0, 0, 0, 0, 0, 0, 0, 0, 0, 0, 0, 0, 0, 0, 0, 0, 0, 0, 0, 0, 0, 0, 0],
  "ss": [0, 0, 0, 0, 0, 0, 0, 0, 0, 0, 0, 0, 0, 0, 0, 0, 0, 0, 0, 0, 0, 0, 0, 0, 0, 0, 0, 0, 0, 0, 0, 0, 0, 0, 0, 0, 0, 0, 0, 0, 0, 0, 0, 0, 0, 0, 0, 0, 0, 0, 0, 0, 0, 0, 0, 0, 0, 0, 0, 0, 0, 0, 0, 0, 0, 0, 0, 0, 0, 0, 0, 0, 0, 0, 0, 0, 0, 0, 0, 0, 0, 0, 0, 0, 0, 0, 0, 0, 0, 0, 0, 0, 0, 0, 0, 0, 0, 0, 0, 0],
  "cObs": [1.43419, 2.87513, 4.09876, 5.08378, 7.03912, 8.78432, 9.04457, 6.67804, 4.14944, 5.58733, 6.89343, 9.88686, 10.1714, 11.7308, 11.6265, 8.22833, 4.88956, 13.4178, 11.9348, 1.93955, 3.61851, 5.18104, 8.59293, 9.55778, 10.2364, 10.1529, 5.997, 4.74231, 6.31402, 7.61751, 9.78774, 12.3886, 13.2626, 11.9353, 8.922, 4.87189, 16.1904, 12.8534, 1.92838, 3.96978, 4.75086, 8.19087, 10.2553, 10.652, 8.8733, 5.34349, 4.62399, 6.55364, 7.80136, 10.7152, 11.9131, 13.4012, 12.0672, 7.23413, 5.56193, 14.9466, 11.4634, 1.79904, 3.11974, 4.91131, 7.91074, 9.15982, 11.5652, 11.8716, 6.10886, 4.22327, 5.90147, 6.43859, 10.5366, 13.703, 13.601, 12.5993, 7.59807, 4.42598, 17.0662, 11.8906, 1.60843, 2.93358, 4.39438, 6.42714, 8.34395, 8.40085, 8.30203, 6.33744, 6.50799, 7.94449, 8.04853, 9.4827, 14.1929, 11.6154, 10.9664, 10.129, 8.0113, 16.7192, 13.726],
  "time": [0, 0.083, 0.167, 0.25, 0.5, 0.75, 1, 2, 4, 12.083, 12.167, 12.25, 12.5, 12.75, 13, 14, 16, 35, 37, 39, 0, 0.083, 0.167, 0.25, 0.5, 0.75, 1, 2, 4, 12.083, 12.167, 12.25, 12.5, 12.75, 13, 14, 16, 35, 37, 39, 0, 0.083, 0.167, 0.25, 0.5, 0.75, 1, 2, 4, 12.083, 12.167, 12.25, 12.5, 12.75, 13, 14, 16, 35, 37, 39, 0, 0.083, 0.167, 0.25, 0.5, 0.75, 1, 2, 4, 12.083, 12.167, 12.25, 12.5, 12.75, 13, 14, 16, 35, 37, 39, 0, 0.083, 0.167, 0.25, 0.5, 0.75, 1, 2, 4, 12.083, 12.167, 12.25, 12.5, 12.75, 13, 14, 16, 35, 37, 39],
  "start": [1, 21, 41, 61, 81],
  "end": [20, 40, 60, 80, 100],
  "ii": [12, 0, 0, 0, 0, 0, 0, 0, 0, 0, 0, 0, 0, 0, 0, 0, 0, 0, 0, 0, 12, 0, 0, 0, 0, 0, 0, 0, 0, 0, 0, 0, 0, 0, 0, 0, 0, 0, 0, 0, 12, 0, 0, 0, 0, 0, 0, 0, 0, 0, 0, 0, 0, 0, 0, 0, 0, 0, 0, 0, 12, 0, 0, 0, 0, 0, 0, 0, 0, 0, 0, 0, 0, 0, 0, 0, 0, 0, 0, 0, 12, 0, 0, 0, 0, 0, 0, 0, 0, 0, 0, 0, 0, 0, 0, 0, 0, 0, 0, 0],
  "iObs": [2, 3, 4, 5, 6, 7, 8, 9, 10, 11, 12, 13, 14, 15, 16, 17, 18, 19, 20, 22, 23, 24, 25, 26, 27, 28, 29, 30, 31, 32, 33, 34, 35, 36, 37, 38, 39, 40, 42, 43, 44, 45, 46, 47, 48, 49, 50, 51, 52, 53, 54, 55, 56, 57, 58, 59, 60, 62, 63, 64, 65, 66, 67, 68, 69, 70, 71, 72, 73, 74, 75, 76, 77, 78, 79, 80, 82, 83, 84, 85, 86, 87, 88, 89, 90, 91, 92, 93, 94, 95, 96, 97, 98, 99, 100],
  "nEvent": 100,
  "nSubjects": 5,
  "nIIV": 5,
  "nObs": 95
}
